{
  "children": {
    "state": {
      "children": {
        "camera": {
          "params": {
            "cameraPos": [
              15.688417340873011,
              18.092301656854755,
              33.9548890349615
            ],
            "cameraCenter": [
              4.647618902534818,
              5.099313322199255,
              0.3494019535103886
            ]
          }
        }
      }
    },
    "scene": {
      "params": {
        "interpolation": true
      },
      "type": "cinema-view-cinema",
      "children": {
        "params": {
          "params": {
            "time": 24.78
          }
        }
      }
    }
  },
  "packages": {
    "codes": [],
    "urls": []
  }
}